[
  {
    "model": "auth.permission",
    "pk": 1,
    "fields": {
      "name": "Can add log entry",
      "content_type": 1,
      "codename": "add_logentry"
    }
  },
  {
    "model": "auth.permission",
    "pk": 2,
    "fields": {
      "name": "Can change log entry",
      "content_type": 1,
      "codename": "change_logentry"
    }
  },
  {
    "model": "auth.permission",
    "pk": 3,
    "fields": {
      "name": "Can delete log entry",
      "content_type": 1,
      "codename": "delete_logentry"
    }
  },
  {
    "model": "auth.permission",
    "pk": 4,
    "fields": {
      "name": "Can view log entry",
      "content_type": 1,
      "codename": "view_logentry"
    }
  },
  {
    "model": "auth.permission",
    "pk": 5,
    "fields": {
      "name": "Can add permission",
      "content_type": 2,
      "codename": "add_permission"
    }
  },
  {
    "model": "auth.permission",
    "pk": 6,
    "fields": {
      "name": "Can change permission",
      "content_type": 2,
      "codename": "change_permission"
    }
  },
  {
    "model": "auth.permission",
    "pk": 7,
    "fields": {
      "name": "Can delete permission",
      "content_type": 2,
      "codename": "delete_permission"
    }
  },
  {
    "model": "auth.permission",
    "pk": 8,
    "fields": {
      "name": "Can view permission",
      "content_type": 2,
      "codename": "view_permission"
    }
  },
  {
    "model": "auth.permission",
    "pk": 9,
    "fields": {
      "name": "Can add group",
      "content_type": 3,
      "codename": "add_group"
    }
  },
  {
    "model": "auth.permission",
    "pk": 10,
    "fields": {
      "name": "Can change group",
      "content_type": 3,
      "codename": "change_group"
    }
  },
  {
    "model": "auth.permission",
    "pk": 11,
    "fields": {
      "name": "Can delete group",
      "content_type": 3,
      "codename": "delete_group"
    }
  },
  {
    "model": "auth.permission",
    "pk": 12,
    "fields": {
      "name": "Can view group",
      "content_type": 3,
      "codename": "view_group"
    }
  },
  {
    "model": "auth.permission",
    "pk": 13,
    "fields": {
      "name": "Can add user",
      "content_type": 4,
      "codename": "add_user"
    }
  },
  {
    "model": "auth.permission",
    "pk": 14,
    "fields": {
      "name": "Can change user",
      "content_type": 4,
      "codename": "change_user"
    }
  },
  {
    "model": "auth.permission",
    "pk": 15,
    "fields": {
      "name": "Can delete user",
      "content_type": 4,
      "codename": "delete_user"
    }
  },
  {
    "model": "auth.permission",
    "pk": 16,
    "fields": {
      "name": "Can view user",
      "content_type": 4,
      "codename": "view_user"
    }
  },
  {
    "model": "auth.permission",
    "pk": 17,
    "fields": {
      "name": "Can add content type",
      "content_type": 5,
      "codename": "add_contenttype"
    }
  },
  {
    "model": "auth.permission",
    "pk": 18,
    "fields": {
      "name": "Can change content type",
      "content_type": 5,
      "codename": "change_contenttype"
    }
  },
  {
    "model": "auth.permission",
    "pk": 19,
    "fields": {
      "name": "Can delete content type",
      "content_type": 5,
      "codename": "delete_contenttype"
    }
  },
  {
    "model": "auth.permission",
    "pk": 20,
    "fields": {
      "name": "Can view content type",
      "content_type": 5,
      "codename": "view_contenttype"
    }
  },
  {
    "model": "auth.permission",
    "pk": 21,
    "fields": {
      "name": "Can add session",
      "content_type": 6,
      "codename": "add_session"
    }
  },
  {
    "model": "auth.permission",
    "pk": 22,
    "fields": {
      "name": "Can change session",
      "content_type": 6,
      "codename": "change_session"
    }
  },
  {
    "model": "auth.permission",
    "pk": 23,
    "fields": {
      "name": "Can delete session",
      "content_type": 6,
      "codename": "delete_session"
    }
  },
  {
    "model": "auth.permission",
    "pk": 24,
    "fields": {
      "name": "Can view session",
      "content_type": 6,
      "codename": "view_session"
    }
  },
  {
    "model": "auth.permission",
    "pk": 25,
    "fields": {
      "name": "Can add car",
      "content_type": 7,
      "codename": "add_car"
    }
  },
  {
    "model": "auth.permission",
    "pk": 26,
    "fields": {
      "name": "Can change car",
      "content_type": 7,
      "codename": "change_car"
    }
  },
  {
    "model": "auth.permission",
    "pk": 27,
    "fields": {
      "name": "Can delete car",
      "content_type": 7,
      "codename": "delete_car"
    }
  },
  {
    "model": "auth.permission",
    "pk": 28,
    "fields": {
      "name": "Can view car",
      "content_type": 7,
      "codename": "view_car"
    }
  },
  {
    "model": "auth.permission",
    "pk": 29,
    "fields": {
      "name": "Can add car plate",
      "content_type": 8,
      "codename": "add_carplate"
    }
  },
  {
    "model": "auth.permission",
    "pk": 30,
    "fields": {
      "name": "Can change car plate",
      "content_type": 8,
      "codename": "change_carplate"
    }
  },
  {
    "model": "auth.permission",
    "pk": 31,
    "fields": {
      "name": "Can delete car plate",
      "content_type": 8,
      "codename": "delete_carplate"
    }
  },
  {
    "model": "auth.permission",
    "pk": 32,
    "fields": {
      "name": "Can view car plate",
      "content_type": 8,
      "codename": "view_carplate"
    }
  },
  {
    "model": "auth.permission",
    "pk": 33,
    "fields": {
      "name": "Can add ride",
      "content_type": 9,
      "codename": "add_ride"
    }
  },
  {
    "model": "auth.permission",
    "pk": 34,
    "fields": {
      "name": "Can change ride",
      "content_type": 9,
      "codename": "change_ride"
    }
  },
  {
    "model": "auth.permission",
    "pk": 35,
    "fields": {
      "name": "Can delete ride",
      "content_type": 9,
      "codename": "delete_ride"
    }
  },
  {
    "model": "auth.permission",
    "pk": 36,
    "fields": {
      "name": "Can view ride",
      "content_type": 9,
      "codename": "view_ride"
    }
  },
  {
    "model": "auth.permission",
    "pk": 37,
    "fields": {
      "name": "Can add profile",
      "content_type": 10,
      "codename": "add_profile"
    }
  },
  {
    "model": "auth.permission",
    "pk": 38,
    "fields": {
      "name": "Can change profile",
      "content_type": 10,
      "codename": "change_profile"
    }
  },
  {
    "model": "auth.permission",
    "pk": 39,
    "fields": {
      "name": "Can delete profile",
      "content_type": 10,
      "codename": "delete_profile"
    }
  },
  {
    "model": "auth.permission",
    "pk": 40,
    "fields": {
      "name": "Can view profile",
      "content_type": 10,
      "codename": "view_profile"
    }
  },
  {
    "model": "auth.permission",
    "pk": 41,
    "fields": {
      "name": "Can add rides booked",
      "content_type": 11,
      "codename": "add_ridesbooked"
    }
  },
  {
    "model": "auth.permission",
    "pk": 42,
    "fields": {
      "name": "Can change rides booked",
      "content_type": 11,
      "codename": "change_ridesbooked"
    }
  },
  {
    "model": "auth.permission",
    "pk": 43,
    "fields": {
      "name": "Can delete rides booked",
      "content_type": 11,
      "codename": "delete_ridesbooked"
    }
  },
  {
    "model": "auth.permission",
    "pk": 44,
    "fields": {
      "name": "Can view rides booked",
      "content_type": 11,
      "codename": "view_ridesbooked"
    }
  },
  {
    "model": "auth.user",
    "pk": 1,
    "fields": {
      "password": "pbkdf2_sha256$390000$39cISTFhE9e68O9iqGRRM9$lA9Rl/fI4kXddjfP6d5Dld42eIgksI2agcaEuN5hIiI=",
      "last_login": null,
      "is_superuser": true,
      "username": "admin",
      "first_name": "",
      "last_name": "",
      "email": "noreply.admin@orange.com",
      "is_staff": true,
      "is_active": true,
      "date_joined": "2023-07-24T11:28:51.509Z",
      "groups": [],
      "user_permissions": []
    }
  },
  {
    "model": "auth.user",
    "pk": 2,
    "fields": {
      "password": "pbkdf2_sha256$390000$k9LwU2uVNck3JWPj31P2gp$n/RHY0t7ihVbdkN5ydhz6pyzwfaPHTzv6eZmwt3shkc=",
      "last_login": "2023-07-27T12:02:37.166Z",
      "is_superuser": false,
      "username": "mlxp3121",
      "first_name": "Mohamed",
      "last_name": "Ismail",
      "email": "mohamed.g.ismail@orange.com",
      "is_staff": false,
      "is_active": true,
      "date_joined": "2023-07-24T12:08:09.934Z",
      "groups": [],
      "user_permissions": []
    }
  },
  {
    "model": "auth.user",
    "pk": 3,
    "fields": {
      "password": "pbkdf2_sha256$390000$UWXJAKAzNVezwUK8SadOd3$pdOV6CR9HfAHHrRJ89z3EIpdYPWeD3BMmQSWCndF00o=",
      "last_login": "2023-07-27T11:02:44.209Z",
      "is_superuser": false,
      "username": "vlfx0340",
      "first_name": "Mahmoud",
      "last_name": "El Sayaad",
      "email": "mahmoud.elsayaad@orange.com",
      "is_staff": false,
      "is_active": true,
      "date_joined": "2023-07-24T15:13:49.547Z",
      "groups": [],
      "user_permissions": []
    }
  },
  {
    "model": "auth.user",
    "pk": 4,
    "fields": {
      "password": "pbkdf2_sha256$390000$yNta94lhr3tqKtXHFkdybQ$tIx4i6kjX6x6zO+/XpwWVAhPDwMIbaeTJAxcFGQzRrE=",
      "last_login": "2023-07-25T11:56:26.735Z",
      "is_superuser": false,
      "username": "cxvp5324",
      "first_name": "Rehab",
      "last_name": "Abdel Wahab",
      "email": "rehab.abdelwahab@orange.com",
      "is_staff": false,
      "is_active": true,
      "date_joined": "2023-07-25T11:56:26.405Z",
      "groups": [],
      "user_permissions": []
    }
  },
  {
    "model": "auth.user",
    "pk": 5,
    "fields": {
      "password": "pbkdf2_sha256$390000$uZHm5CcBxbHzOSr7VGaqKk$20fd7r67rVru6NVQxUuHA5ua0hldZW2iN1i/dBIUD6g=",
      "last_login": "2023-07-26T08:03:35.201Z",
      "is_superuser": false,
      "username": "ztqf",
      "first_name": "Yousab",
      "last_name": "Azmy",
      "email": "yousab.azmy@example.com",
      "is_staff": false,
      "is_active": true,
      "date_joined": "2023-07-26T08:03:34.843Z",
      "groups": [],
      "user_permissions": []
    }
  },
  {
    "model": "auth.user",
    "pk": 6,
    "fields": {
      "password": "pbkdf2_sha256$390000$elsnMBEQLrv0isAeiICnx3$GSnR7GPxU6tEvhS/mSN6Y1vhMMXsWHIqoD/pDF+ZdGo=",
      "last_login": "2023-07-26T08:18:10.551Z",
      "is_superuser": false,
      "username": "ztqf5",
      "first_name": "Yousab",
      "last_name": "Azmy",
      "email": "yousab.azmy@example2.com",
      "is_staff": false,
      "is_active": true,
      "date_joined": "2023-07-26T08:18:09.995Z",
      "groups": [],
      "user_permissions": []
    }
  },
  {
    "model": "auth.user",
    "pk": 7,
    "fields": {
      "password": "pbkdf2_sha256$390000$TkLHh2jaFKc7odiV4Z0kIT$JFHqxa6Beb/eyYg+b+UD3SJUvL62F8N8rI0eS59P9Q4=",
      "last_login": "2023-07-26T12:09:06.882Z",
      "is_superuser": false,
      "username": "ztqf59",
      "first_name": "Yousab",
      "last_name": "Azmy",
      "email": "yousab.azmy@orange.coms",
      "is_staff": false,
      "is_active": true,
      "date_joined": "2023-07-26T12:09:06.507Z",
      "groups": [],
      "user_permissions": []
    }
  },
  {
    "model": "auth.user",
    "pk": 9,
    "fields": {
      "password": "pbkdf2_sha256$390000$6UAIauAMuXjLDCbOl8GXRD$4LAsIJYAB35J/naTxEixH/OcGpgsDqTQp+ikEEX/JTk=",
      "last_login": "2023-07-27T11:15:04.618Z",
      "is_superuser": false,
      "username": "ztqf5957",
      "first_name": "Yousab",
      "last_name": "Azmy",
      "email": "yousab.azmy@orange.com",
      "is_staff": false,
      "is_active": true,
      "date_joined": "2023-07-26T14:28:06.888Z",
      "groups": [],
      "user_permissions": []
    }
  },
  {
    "model": "auth.user",
    "pk": 10,
    "fields": {
      "password": "pbkdf2_sha256$390000$4IqKC6s3X5cxdTz6XpfWZk$uPXmrb+r7YZKzzjLN6yT8x63uKfsL1gCfhprigMtdZg=",
      "last_login": "2023-07-27T11:42:54.603Z",
      "is_superuser": false,
      "username": "tttttt",
      "first_name": "Gharbya",
      "last_name": "El Sayaad",
      "email": "m.elsayaad@orange.com",
      "is_staff": false,
      "is_active": true,
      "date_joined": "2023-07-27T11:42:54.236Z",
      "groups": [],
      "user_permissions": []
    }
  },
  {
    "model": "contenttypes.contenttype",
    "pk": 1,
    "fields": {
      "app_label": "admin",
      "model": "logentry"
    }
  },
  {
    "model": "contenttypes.contenttype",
    "pk": 2,
    "fields": {
      "app_label": "auth",
      "model": "permission"
    }
  },
  {
    "model": "contenttypes.contenttype",
    "pk": 3,
    "fields": {
      "app_label": "auth",
      "model": "group"
    }
  },
  {
    "model": "contenttypes.contenttype",
    "pk": 4,
    "fields": {
      "app_label": "auth",
      "model": "user"
    }
  },
  {
    "model": "contenttypes.contenttype",
    "pk": 5,
    "fields": {
      "app_label": "contenttypes",
      "model": "contenttype"
    }
  },
  {
    "model": "contenttypes.contenttype",
    "pk": 6,
    "fields": {
      "app_label": "sessions",
      "model": "session"
    }
  },
  {
    "model": "contenttypes.contenttype",
    "pk": 7,
    "fields": {
      "app_label": "website",
      "model": "car"
    }
  },
  {
    "model": "contenttypes.contenttype",
    "pk": 8,
    "fields": {
      "app_label": "website",
      "model": "carplate"
    }
  },
  {
    "model": "contenttypes.contenttype",
    "pk": 9,
    "fields": {
      "app_label": "website",
      "model": "ride"
    }
  },
  {
    "model": "contenttypes.contenttype",
    "pk": 10,
    "fields": {
      "app_label": "website",
      "model": "profile"
    }
  },
  {
    "model": "contenttypes.contenttype",
    "pk": 11,
    "fields": {
      "app_label": "website",
      "model": "ridesbooked"
    }
  },
  {
    "model": "sessions.session",
    "pk": "04j460brdvho38yg247ovzn471qfsb1c",
    "fields": {
      "session_data": ".eJxVlMmuo1gMhl-llXXdK2ZCrZqEECAQxkBggzgDM4EwBEKp3r251dUt1dKf7d-_j-TzY5dAiIchHtsKP3bfd2fROzGxICJ48Ruo5SJZPZ0zCW_PlU3u52LaF16nxn7reKe3mpzmtnscOxSS3bwvbSHtru_V2vfh2LYuVXdBJmu0j2yRUp7gqkAjU6dQTce8b_zKe5ndMCuiIWjhUXo356SEwRSW2G5CHL5333Z46YoeD3GxWaM5gvi2K9D_VvFbI_BdLMxCu_ikXehHLQdn-BW7t1Ulr4U6qM3YRUeVUyuSRY3c38ha9kpt9ch8vsmHNXw4chhUi6HIlk_5tNfIFCR8PzotFfQ14-pXRWp_bqM6SBtf0i1SnBmu7UunhDkK2E2eXSG1n5KAbWBzmqKH84CNQMLjNv5xJcNiG__oCBiEpOndaLWYi_DuV2rZAbWsD9H5qvsNWbpNfjCCcblVcAlJf8Glnwcn1CEv73zloKk1sa3jM5suZ3gha0g2aUgVax7nIglkQi3b5VpW81WyaWOtmK_nCLdpZqHO6oP4vBOiuFSiYt994EKwl7XyVEG31d66WXaWwFvV64k06jwpMhXeCAaohgPeAcGvNyci5rooXKVMYctoK_vRi9Ax9xMeH0kunAQHmT0HUU62XJarGovg_O6nReq0qsenq5u5xIue40rx5NqqlEft3nUnngPaQLQAJ47SuLw8uLoekV2qmSzKmr3GWEJU5LMLGMxOz6FAzIjl_VrHwetZXVLODmhTKtMh9qUaj1Jx4UmJTm_LXozF6CWHqqMqenLivaPWVZzeX8yLPVSHxv4YvbPFDK151hm1lU6tJ3bPPhudlq9ey7i14bU1hEYFM5Y-ZLD_WCH4eD3NVxUfpnqRdSUFrls0-iwuEpISlaITHrrDXYzXrn2uil2SaNAAGwZLEeskc5Stbjmbirw8RVT7djEd9K5cOOs4Wde8g6WXEWBUL9LmLQ5X556vzWYgl4Y3Ow6XKA_v1OqUtzro9eDUjcgxnxSxpP7wqIWIwEwy2Lb90Qd2NmcX-n7gk06bDzcSCXt484JbUTEzuKmzkoCGiJ5N98pkCGJPYSTyqs9ABmfLgW1CWAMGBE9RaiK5VGVLwHnobfYy6lBM-ro3LJC4VnQ1osRYyMJRBiu0vWVQq1OCscjRATARZ78WL9aFqavXNoreozbekePRH443s_ioT_hM-8yUIlRmoRF0jRw5Z_x2MyFTLqo2bJf_68jj8d3h7dIPOOlxv1E4FWiL1_GZsgLLb2QacL99D2m7-_5jN0zgz2xWvDaVR9J8qYTtNCRgo2nSFPX7PyyuzddX80fRX78hbpKi3uj7F_1MNvp32yePDH_Cttn9_LaLk2nM439dfFkTdn8wkMBtj68EKre2dmt7jH2xSW0ln7-zw6fRIlwfftf-IZAnQ75173kAWLDnGVagOI5lKHrP8YDHZErxKE2oPUpBSnIIkBwUBIonOMQQFI8hphnM8fzu5z_oFQCj:1qOwdI:r9sDNXB4JV_xUkcjLde5hQGBQ21nrUuVJ8zUzFKs9mk",
      "expire_date": "2023-07-27T09:46:04.493Z"
    }
  },
  {
    "model": "sessions.session",
    "pk": "0wi0novwwizc89g8wsyblv866c81ptzp",
    "fields": {
      "session_data": ".eJxVVMmyozgQ_JUJn9sv2DF9GjD7YrywmQshxCZ2sxjsjv734XX3dMQ7SZVZlZVSqPRjByBMxzGauiptd993Cu9IVMTxCTS8BuoFj1ePq4JD9_GmQaCg-YCcXot03E58ZiKoR5bwptFaVi2xoyUURlWdu4ImJBxp5jtw3oXstVhIgFotjaXRWpdVHlLmWwmeMd0haWYDLSSlDk3IJv29N9qAKGyxTgJy922Xrj0a0jFCmzWSwbBvO5T8tZq-dCwNeGQj3fDwCzKPehEr8DO-uW8NPyFt1JqpD48ao1U4nTTy4OK17JT628GLxZWF9729yne_Wi1VPnuERzqNTEDM80JpraCnWyevQtnlY2vVQ9L6lO4S9brAd_c0CW4JfXqTp9-QOMzApxvYSHPYXlvYcDg8bu3bE35HW_sGH1OVf1uOtmpoQffAq7Syj7WyFkLlZHoNXt6aQrD8aXUruN5xb01Lr_ClpE-covdUQddqbDuOR226jOXcaUvUlpPIE6dND_gyppXdeiqrxSr5Db8Tn9dxJ7XNs7ZoLfZhrm91D58938CE0dsRLNUNLqEt8vxF4rDzvIjPJZzL6pbbt2tLmolmR8p-4sU9gAqURY--8V4--UAC_PwYgyHTQtaVxzMTlaYWqghdnjitX_JFGhJLWkSJfxTpuT-yOOIGlhEonmrfyeoH62CzjS_rbYZXEjrwYT7Mzcrfqvx5PzRKwqynwnow_bmj8DzjhPRF0JRemdLgxK9glFVROtDFLCXVeDMa1fUi0vW4SfTqZ2ba6xHibo9dyLbrjRg-1Rd7Sg7rgNtkThECKfuWqFqopi8w0sH-lhRSG17HYDypjs4CKUHTYwA05iSLfjGfo-jSjz1JFtzBJ4rN5zqTp1Q67cMReDdWubmodF5DbJv0_mXa4oMzrAwQBbuoopdwR0Hm2lR4nG6jpKT76GUy1Vh1Qc8sVcMBehVupjAdK0E-MFN6Fo_YfE8PGdWtTxZNQdvEEHSUIXse2ann9R70sM9i-EJX6LbEk_Lreq2tkXvNyuG8Wm_Dth2R8FxPxe37Hh-VKeEcp2uCsxvlobJIFDnWZnYZkpA9tMFwwR6s0Z9cDzWRZK7HfSxg787PRUWMnCBvKvDY7gAQYukZVEwdgRFlkLctg38lnsXe8npovFO7DujypveVYNBu2wx7STN0nkr12yNclbuN3JK-XPPJyTgZJM64gk44QZEws3Jvw-Gqv_12fBF9apteftgm_9eQR9OrT7dJF1IwpMOGwhklW9zUa0_iBL4h85gO2_eQdbvvP3bjHH9lc_TcVFrQfKpYXbFtkg3OQIPq1_-4NjYA1Rv8Ne-fv3j6a92EfxMf-Qf6Rf3bDaDN0w_YNbuf33YRmKci-m3o0yWx-4LFAG5H-iSScivrtrJ2GlD88Zny8YcdP6wuSWvhT-4XgQKMxVYNOSrBAc4RIMtoGqOIGOIMk1EYuT0LAlAUScY4yzA0SxJxBgk63mIGkIAjMAbHs93P_wDOsf9g:1qNuNb:HAsXwfpjfSekQTus6Vn_6lepDgubKOsacwSVdf4JOxc",
      "expire_date": "2023-07-24T13:09:35.647Z"
    }
  },
  {
    "model": "sessions.session",
    "pk": "3wozgqhw4s3r2khg1h3w3yvfj4eixq0x",
    "fields": {
      "session_data": ".eJxVVMey4kgQ_JUNzgMhh8ycFiNvQMiAdFG0ulsOOWSQYGL-fcXM7Ma-Y2VWZWVVdPWPFYAQ9300NHdcr76v5J0rMpGwQ1D3K6hlO_L-uMgk9B7vLbjJ-cjnbqtG5ZFlZr102SvyzvrUKUe1COOgv8IHWYd196BpM7VleZsT5RON7rbf-noZis0suJpTU1JltpMHSX5uHUTbHgxqMRSv2S4OKV8Bl6PUb1ffVnhu8w73Ub5Yo1mC-LbK0X9W8Usj8G2Xn3JN90k7Nw5aFsvwEzveWyWtXO3VamjDg8qqd3KLKqnzyFJyC-3tktnkSft3UF-k4HqfTUU6-5RPu5VEQcL3Q3G-Q18zLf-eJ_ZmadVC2vxIN0i5TPDdPA1KmMLrdpHfviHFj-C6rWAljmF9qWElkPCwtK8tMsiX9nXYh3U6mW97UvMpD27-XS3aWC3KfShbhl-RhVNle_M6zN4dzgHpz7jws6uIWuRmra_sNbUklnF8ZtFlTTfYmkebsN6QNBc9cJUItWhmq7hP1oKbrvf6rCOg1cWzOqk1sfGwqzhslwLzjI0udevJ3YnDc72uRfN0eKS1eZgz5NOGZKe5mslWa3Tv9LR7UkLUdY9BDpjzCzfHMclMn3OPb_u0xlwt7jB5S0HsZQ2RnLacvz6E0W0qYZD1faI7Gv22XmU66mLFBqQRb3M2Pq-R8eSgUxLuXJJCqitMXWpjqiyvYyZ6VNyzdZ-m0H5S8ZPKO2cipzGFO8OwITtaSdAfH7RUovJo-hd5Hbtje_XmaN4fCd6qArjuLDfhDKm3KlN7plISkRZ5Ghr-BajgMd_tdyLXx86lA1A6iQAUqu0Z37jxp5wvLP70YrxI34NUPISEfDbCWzenRPGOlPb18gOTmaKHpudA8EX5tsYypV3HwbStoxIW7kU2m_2Bf0p7JYrMURwY5OnpBP0Cpyeax6g6hahzmNvudBSN2arViSQ4UpXccByfoVZI-rk14uQGjeur0O8ZMMQx4t7hsiJ_9PK4THZscKegPo8CZRaEOAzPdJppZjgd9neHj1LZUbqZn45yvBb26AhQnIpnqbwMMTgXMJrO6aVFL5PriVDSI5fYH24yRRRYtx3HQV56rySY8cHl1LpdtLtc2wP96qPWS4drrpjN0mx2DUl7lWNdhjelV5zjTjItp9xyhZ3l4MK7wFhr71F1LLm5EWOwjuOHIxxEV13T0S1hsIS1cQLnq88caD9XDW4KRhWgzlqfW8leLv_XkUfDq8XLpe8x6HC3oHDM0RI_y2QmaIZYkLHH3fI9JM3q-49VP8Zf2TR_Lio1qD4qJsiqZkQLnIAqL1__4mL5lwNeAHyYr6l__Z_CFcjLhat-cxtc9r-ov5sO1CnewKZa_fy2isA4ZNFvWx-v9OoLFgO4DPYhULGUNUtZPXR5vPmkbP6w_cZsEC73f3K_CGSgz5ZqLkYci4QYcICkYoghy8QCgRnEUgLJ8lsOYhZyAuJwTPACQyKSpQFFYpRsCQwxvfr5D4wJBGo:1qOwZk:s0dA4gxtsH2xEz9te5eWyQmv-3DobXuU9Zr-EvURh4k",
      "expire_date": "2023-07-27T09:42:24.588Z"
    }
  },
  {
    "model": "sessions.session",
    "pk": "59xg21hgqo1sr9irotmgwgv0kpfn9cwo",
    "fields": {
      "session_data": ".eJxVVEnTokgU_CsTnluDRbY-DYsgCCgIKFwIKECKXXbo6P8-2N0zMd-xMt_LzFpe_dgFAMRd5_d1Hle77zuJtU5Hn2EjcHFKoKQsmr9NCQX2eyWCpwQHGlqN7GsMV1fduMgLFLvxZV2ki4dLFOifl0IYGE60ms7UoTLHWWfXSoGVmmrJpz7MkZKHNDvyIbKMEI_suyEC3uG0oRjYSLnUKnnr-Pckisnu2y6eG9jGnQ-3aDiJIN92MPovarwoSPxk4RUqFwc1oMoraSiBz_purzKqQ7mTy77xeJmUc5SISrG10UK0MmW10HSyRW51K1N0H_msncWbgzm4VYoYQBzHO805cBRNd3KYGIfNqgG49pGuo7M5gbUeVYyZvAexyRMrwOgheBAlKE-DV5kVKBkU8Jt9paMu3Owrr_Oq16StxiTDCbpPJ5ezJpSzgvMkXXVKNLuXKac9-tnOweyiznZyTvo4RU1kpY1z5hS5QLbtOMdNl9Qsl9AE7ahbBq7fJxg8RETO6lnP8s3jNV8FgH6Ow8XlLbM8yRVyeHmdJnsqpWZMYbU6DhYX0w0FR6JT8zhXwcM_eu6wL6CJT7SDnoVbpnhSD-l4TyYxRvZWMj1XpW5ZINSds6_38wIsb3Wp854yrtRJWcsWp8E-k8jopGIFLZlgQIpULSPEBkBsvCmqlkeaMLdhwNA09epMww0uuRpIe4on0xfv9TTgi7-iYYuujW9igjCfpErA3vNjqTpgClqp9KY95_0IJpcQCbN6-Tklu8sVVeiHKZrJtVXLPT9F3lDx4rkwU03uELclLyUxJ_zchjp18oUH2xAsuN4jJ-pMVqZR9Eq-jYy7EXpW7CN16FM8k8aJpxd6vuO13UL2Kty3q5ZHYyxSS_AkQkEU0RKW80sQ2urqUAT6pG2LAZguUkhmJ7m8Z9OEc0AvpZWEGPeLXTm2iJ3T9YIG_jPjJ5mZ5-StS1lHCUBAH_ZTmKi1MDe_Iuae_ItWtffbdt78pLbyDdlPZe0yATIzWB5pxM1T8ax7PviXfKuOgngZXpir3gjnJR3FRUwJKEjeWy5H0xgIuHbvC5IlOnJvRookmKgTwj7AX5cj-z5fMQyDkvFyjrnqqPvzxLbvePAX_kQfDRo_lxdOL3o_Yad5SFV86Ny70d9O8DX2Li03wFKURmZSC96H2YkvUWYyLBcYjXBtbp49l6k9uMf-jFtvxV9J1B2uT-d-vYR5XW_jlpd937Lx6CFoR2-T_2vI_X5p4m3SuTho43ZDwQCjbT0WyYzgR2RDhi5ut-8hqXfff-y6IfzKvuC4qVRB-VHRgrSsh2iDk6CExfIvfir-ugdLEHyYr6V__Z-KywAWG1f-5g5x0f2i_q7boHrFB1CXu5_fdn6wPR3_d6xPVnz3BQsDsG3sQ0TZ1lZvbVXfwvDwKTn8YbuDVkdxwf2p_SKQBl26dVNhRJEREwZUgGIhiAF5DBkkPkYkxqAkTVAgJgHFRFQcIjRzRCOUxAMMjaOEQGIQ47uf_wARUwKO:1qOfuj:7TSy7Fs6NtPiBdGdUO965nd0QuH0jON9Z_3w-86qdGc",
      "expire_date": "2023-07-26T15:54:57.670Z"
    }
  },
  {
    "model": "sessions.session",
    "pk": "69f772ug3u2441s8kycyzzm0vdegzpqj",
    "fields": {
      "session_data": ".eJxVlMmSozgQhl9lwud2BfvSpwEbMGDABgyGCyGEsAVmMYsxdPS7D9VTMxF1UYS-zPwzU1Lq1wZAiPo-GZoS1ZufG03yFSYRpQyaQQWNu0SWT1cj4eW5sOCq4VHAfqsnEU-k_FJ1IbSZ-KTs-WYQulTgOdMTu5BBKghCI8XKFNrmbfB9SVUmtdaYGeHRovfZfJu14uRXy7kvyFrw-LDid89GpNtofzNtGRBY2PzYoHeLO9QneC2N5gjixwZn_5eKZoNAVwk72DAD8oyPO-OeavBz710WnbSx3uvV0MY7ndNLks0qtbuQD9UvjMUn79NFlZeodtUoLN_WQT0FVED7lUpBIghi5V3CwLDsoMT5-WNN1ULa-pRusoM7waV5HSlxikN2lWcXSAkjCNkKVsoY124NK5GEuzV9bZMRXtPXLQHDiHT8C63jCUfXoNSLNtWLhxxr9jGoyMKr7rIVDu9LCd8RGbxREdxDJWsz_94GB9nQH8TaTsCsupzlR6y1tyirKGlnN2EQqoReNG-7KCdrubDWApnP44jWbA7WJ70mPoJnS2Sgp9GwYywESCu5vNnhTLAnIMX90qga0y6VibXdIW5xcPLscUB6rMlZM6S9oqcvAL0J57fmaT13_U6Xzzd_dxDHMyD6kIjVwxtKtqJn_ZURFVcIy3kQO8YtRycXWFul7mTo1CLaGU7nkVN7uTp1u60dH57xsBdz-pSRqixyjiaWj0QKR5PaVc_9nEi84GuNJtkYalA1u7ce0tdtszNJorlKY4ydSttnfR4MA9HIOqq4V5zcEr93eHmidEOLxSg2H7z0NGjLd11mGJuz6XjiuaJdda9ySnxIt284stvhWOeBs4_3k1nero0_9JIiGwMeF3OuHvJjbgbMWNAX42WwmfnWd-7ZaYQtGkib40TmyLoP4l5HNnGSJbWvqwKxacakbGGTbUEmnl2xzqMvyrMvmFcs0zS8CbwtW2iewWWhFHMAfaq9rvdqKt61ipSWUpky4JYwmbbMPVKcqzdqZE8Y7rw-uvCZ2fjiT1YmsI3OPKURmXc3173wuBXtoSpj6d5wh3owHG69lOODTijNokWn5XvK66nYH9mqYYxDpwUWpeY5aHfJwciiLp9fIcMoe7u3jKO9znY-ZN7bJOvz86n7dm6TQGK2SXpSSZCLkXDAtA0z3jtC362P-Yt4eVYt7s8AybQWBlfnLWjT5Xg82PvLfu96R_eYTaJUVlvNNNzr1X-B2H0R7o2fTWWd_D9Dngxzi9ZJlxHoULdSOOJs3S_DM2dFll_J2KNu_R7yZvPz16Yf0-_WG36tKjWoPlWiZuxButIcVPgx_4elpZpX-M3pry-IKoAfK53_0A-w0r-bDtQ39AGbavP7xyYB43BP_q3iszRu842lAK59fBqyYg1r1rB66PAqtbp8fFn7D6vJ0EP-8v0mcAf9fY2mII_olOcYIcs5QAOGADxPEmJGsjQCgpinWfa5pFDIUxqyOY9YNhfTHHAoAxzc_P4HUjH5LA:1qOZtl:NbRA5IlIoxToboVOmEoAwpVQaEcDYzsiH3a5p1mhwbg",
      "expire_date": "2023-07-26T09:29:33.760Z"
    }
  },
  {
    "model": "sessions.session",
    "pk": "6l9iibqeua7n0t66fmz76bvpskjzz94b",
    "fields": {
      "session_data": ".eJxVVMmym0gQ_JUJnf0UNOvDpwEkdpAQm9BF0TRbgwAJkFgc_vdBtscR79RdmVVZ2R1R9WMDEUr7_jq0Vdpsvm8UwdvTV15IkBHUSC8EUD1OCkD-Y2HgWcHPT-zdtStcAV9M3HSpknm_o3N3rlHYejUhl75De-6uRycrw0xBuYI8eEoGJ1-7K756kZSoMQnSPPd04jOOzTZndLYYhTxyQIIPpjw8Wq_Mnt3m2yad7rhL-yterVEsQXzb4OSv1XTWifQs4APWjQA42JT0IlbQO3b9RQM21nqtHu4XSWO1CjBJLXc-uMleqS8eKEZfFpeoOclRWE2WKh8DMqC8WiYREQSX_VShQLfsoMKZs11b3RFlvaXbRD2NaGlfJsmPl5BZ5ZkFkZ9PGDI1qvfPS3NqUM0DJK3tGxtEeG1fgz5VhcXytEnDI47OQaWV91grb-JFsc2gBqVbF6IVDpNfoSkCwZSWQRHuk3viFfdAFXXtRqzPCehVl7W8iLF2DmmVFbDnEcNQJrSyneyyGu2dz1iLT72_I6K01bM2ag2xPUp-eYQ6lyOzsAJ4-KzFh8tQcq2hSYonKVMAd_oISnLW1YgMGrvo1aMSp5MrmOcQ3JrV8z5kKyKXJ80uROyUoFZ4AyLYcp3KOVPqXmJSbuFU7prRG_0lnTSxCuNa0E77SCAke3o9nTHyj848cx248QcKFc_9QT2csGhq6rUqTXsZqo9j8KHkPi8tuVt4DrgF1FV7FNbLiWcfm4vAsvxpHEuhi6SjawHst-wxkORPeFiSD5IyDpxS0vseYWEY2rF0DSglWIfKEmXKa_EudnMbDbUQep7jiAi_rvUgsWI5FJ2jVsSQP0Qdcclem7rX49l4rZ4pxADaHgJCHQBJFa7BuSSntceW3ndcMwefvXHXnm01jE4R6r3wGhNmtPo9yfHCR1KdhzMCSs2TSUdm9gvRF2KSdjvvo9ftOAEy9qscixVh7Y5p1FCIBzpRgMbbxeHcFzb7spQHLQkDN7JO6NAZF1tpTRSTUx1ErTPqgiCKKrcy5T5SrLJjZy-9nIw42CXxxXi9kqfpm151DdNp3A28LF6p8SnM5zOrZQ5v8mpwHh3BaORsPCy0ERLXQy92c2TbYA8vXW4HOpTdTNKHAzXtjnOtGdFnkrwqpojqY68aVaLJiRHmhiEQMPLlixRcAH-m1R1j7jLfnGCKDK9A6yYhLKJ1pVwqZxbgo3QP_RNIL0nADvm1crzAqvx18n8N-XWY7-k66WIKu_S9D9ATJ2tc36Y7BUiwIs8-7db1kLWb7z82_TP-yub4tao0sH6rWG2xXpIVzmCNb_P_uNbXEN9W-GveP3_x9Ne5Cv8mtvkW_6L-bTvY5OkWtfXm57fNFT6H4vrb0NslufmCxRCtT3oTSbmWtWtZM3Q43r5Ttn_Yfmu1SXoT_-R-EShgX6zViKcTAAFPwixjGIImYwRYNqMJKosRCWmaomLAsSzDUWScIZKJ15iFFORJggUg2_z8D3Kr_WA:1qOzhX:VrjQ7qbmoRGXvvCYfYS71zpWVl4KdUHE8kNR0xhPgnc",
      "expire_date": "2023-07-27T13:02:39.698Z"
    }
  },
  {
    "model": "sessions.session",
    "pk": "aafoaek3l1upxk4jehatdfzmyq4dikta",
    "fields": {
      "session_data": ".eJxVlFmzmzgQhf9Kys_xLcRq8hTwxm6MWQwvLiF2EGCzXlL574MnmankUefrPn2kqtaPDUQo7rpH35Rxvfm2OQv2kX7wQoRUFyMlE0D5tM4AOc-FgfdzPuxyu5Uf3MIOzYUs9ftEVJwLJTdQjVZw22MEFjCF-qV8TS0ljZV0uclNdDX4Wbnanj05snci0yvuxt4pgmJmC0Mz5jDhj89xvlNiAyIt8u-sGm2-buK5zV9x98jXaBRLEF83efR_1PhTIeK7kF9yRXXBNdf2Shae0ft8cxYZGLncybhvg73MyiVgInx6OaA62YWy2CCbnJO4-LV18r1y1qWT6ZIuZeMTiQjXDY5ziVxFN9wyT64f66gWUfrbuokka0JLM2okPwUes9ozCyJ3A_QYjPBxCGqrRpgHaL-Orw3g5-t4bNBRLQB9kQk5n3L_7pZy0YZyUYnB2dBcDIobzkTd62enRLMP3Dku3Mw7Rm1kZ60riYpcEet1XHr1ZXXbZ_SDTF9sRBqrH_ROhFw0s1GUk16k5MrJ93P4lLxmlie5Jj7yy7PcBcJRBnNwUcFxMCVOfRl90wRGdSpud6WUK3Us9ELPSTaCbT_uVcVEw2yle5yD5Jx28yAKD6V39O4Vl-co171zmopGdLsbDxPcPcY7DfmzX99_y6mf1vmwlacemCOL-8pZsHJZTCt8Co4q0VkZGqqYLLObbUP1RivUM1nM8YWJ7bY_xsOjGgW-SOaprUxastVS387yVQRFNpdTMYL4fLulpPAEsnPZUuEnFfXUtZM5PiW4gXYullM0jnmPDNWpjf1Q9GQ4k4FnOqoW9ae85eQp1eoLwhmh8Zo4CQrTqmJ0MB5VydKuZppbywrTaJiHyESEsR2uyYFrRzONmuK81AfaxsfnJI0m-WwVErFVUTZV4avhEjaZIZmNjR5w7_h99Qn9wqJxxsOosYWMeJpF2qAtN13vl75unaI3-ko8QJG3BA73Oxo3Nxxhe8faGnu_gWaUvYUZxKMf4HyfMNSeOdNCfFICOteqRUsFT7COqY1onz-cKc42H31na8oAxcSrjVYFCXWQPIfwltMBndiG312aAzQ57tbJHYaKpw8EFu19utwPS1kOeG_u85df7yf73DAWku5W1V2M2xRMkH_a4Cj3EJuZ5lBbGUmLO7PVfbpKXOzp7vZ6nk2G65zo4VPz6dNI80AKJTqUcy1ioc-76bJXPSAlTmVSUn_VXTq06soI2Nx1Z8gdcbdu_r9L_ug_23jddDGGr_i1qmjIo_WM5rFlKJJelaGLX-v3kDSbbz823RD-TdN8XF1qiN8uVpzBcBUTiPPq8z9VCKO4-uLBX-zP0i9_oxjDvFrZ680-4JtNb_S9ecE6jT9Qgzc_v24ecOizx69Y76zvGH9oIUTrxd4gKta2Zm2r-1e-Gq4lH79p96E3q734u_Yvgwx22bs7hizBAp7a0SyXQJTQOy6hmISGMUBktEsQj2iKo6lVICGiKIbgOBAjCDiO55Nw8_Mf5uQCtQ:1qOH0W:zerpApgn-JD7-5ClhAzT_EZW800rWEuKC4C5Yp5rjrQ",
      "expire_date": "2023-07-25T13:19:16.602Z"
    }
  },
  {
    "model": "sessions.session",
    "pk": "ajkegwkgl7izvtghd9rh674rfcjhaoa0",
    "fields": {
      "session_data": ".eJxVVMmym0gQ_JUJnS0FzSbk04AkoCUhHmLXhWgaEDuIHRz-9-HZHke8U3dlVmVldUT1jw3COGxbr6uysNx830i8caa9Ax_gq1XgS8yD7P2QADbfC4McKem5xKihB65kZ3cpHZw4krZ1ojzXvEucXsZxwIESuVHJNHNuTWcRL0gV_a6Yz44dDBepjU7ZozFnTr2cNegHZsy7dsEo7HlJuBPMGDdolyrj2mjzbRNOddKErZes1iiWIL5tkuCv1XC-EKHDJ2pyuVpAS27HS-xL-DPWzQWCewJbWHT18whZmAEmKMTGBLlopJfFAPFoisLilg_RtbNJkcUPi7QooxBJTFjW8zxl2LoodytLIm23tqoxpXxKV4H8GPFSDTfyMD5tZpVnFkxyPbKZAhfn_lk-SlwcAD6u7cs7cJO1fQHaUOYXxYATTMbEdawMprUP01x4SvebVYBUL2JBsbvJzPDkAmsKUyu2z0EdGHFtycIF5sQ6jkWvuqxiuIxygpRiYEo9jgmyRQKm1XRPs1FJXXrF6c_ncCm4eoYjLIldcvX6j6xY4EcsnednHs6yV2acOs0dM9T3sW-CnMKkxUr3QHgQGjv4Sh1GSxA_WQbU2qhSTVRS7ot-R8e9flYmApjvLZqzNrnlQ6TpTmluR4U_KJHiua1Mwu2iMbndpCoXSqxdlsRp0u4WpQ76JTy60E6XmjR6oZRP7Aci-O4wC-mVuEfPcDJQ2XJSmD8NMBp74jbQccCOdQ3fWswFwrFxZpQjVTpwBUHS26N4pbYT6u5e-3IQw6DO7Gc5HV7KE6QkSbrP6-hNNKZakio8CoVBk_vjLJThXrO2oEI9VYFQ1ffEpEpAcqB2TuK8QvaJRWhM6EUkVV3K5nsqGIF8e6Wv20ieH5B_KL3auX09hIvcoExbJOA08oNAXj5JtOjcPThxvbNX5_4VseiSnQY6vxaI1hrqnbTX63IJEezr7VXsI_4kytT5lfPu-B4pQX_Ld0EbiL54m61144qU3QvbYk-ICekf5pETmlofuVKmB7TYeH5ejPSdBrqPPP6WzU708RQMaCEiQNXAmY7b2a9Iu94eLmI6Zs_M4RbXXte8dRPfi2NdMh18rwuKRM_wGIsfU3OkI2N_V_eWXbeATby0kDyZpra3MSmEvLHTPE9vgqnxx3dd6zFVsgzmlI94tBBF5luPIUg244B9s4iR6JIelrn_wVo6obQhXWLXqfmilJd2_Qp0dHKyXBBC9bVu_q8l97q5DtdNF0LUhM2K4j4J1rjIp5oCJFiRvg2b9XuIqs33H5u297-yr2RYVUpUfKooVbxeghWOUJHk8_84bAuU5Cv8Ne-fv3j461yFfxO71y75Rf1bNah8hTtcFZuf3zYe6rvY-23o0yW5-YL5CK8jfRJBupZVa1nZNYm_-0zZ_WHbnVIFYS78yf0iEKM2XqvxgQ4AAgcSRRHDEDTpY8CyEU1QkY9JRNMU5YM9yzJ7ivQjTDL-GrOIQgeSYAGINj__A2Z2ALI:1qOBy2:ivJ8FPNQI24_KCqh9sesdYiwn2csxupAiPlFi46-ukw",
      "expire_date": "2023-07-25T07:56:22.572Z"
    }
  },
  {
    "model": "sessions.session",
    "pk": "b3yh9b6aqgfu7m1rrqaho3octz7httb1",
    "fields": {
      "session_data": ".eJxVlMmyo0YQRX_FobVRgBBTrywkQIwSiHlDQAGimMUMHf3v5rXbDveyTmbdm5VRmd8PQTgOWTD2SRfA-PDtQB_-_D-LQlAk9VcgzsP63RxBUw8djI5fKcdf0f6oNnFSsr9yfxPIwj7bb4eAYlLA4GRIASxKcQoL8fQURfgJ0ChG4RRKYSgVAYZMKJzG4iilsTRMY0DhKRYR-C4aApD0fTA0u8muKFxM7hwwlxjIdgWk7IIVH0PAgPXZiNAV4EhDsxUDPAXP5kXrNmXphH5aJ5aw2qg0zXNLNQ6JS3qZSNqDsetxTQVTaz1FvuOur0aOWq7dyuBGlLp5basrdV6mUIpeCvrx1inPtXqx5Ihm9b24ZGlhl_QB3EvDSRT98wDj_0pNVglN3At8QEm2MR0qVymLBPB1flmbiGlQ7MVqaP2rSIoFRsQV31lYyZu5tJlYNls8u3m1wXtOsah3_mmfbNys-BNAbdvnlgLYkqrZBUz1427VAlz9km7iuzGDrZmUEzP7DrHLExs40WPoEBWouNGvjRpUDAauu32tYR7c7esWBY6HPUwLF-EMPdcuxLyNxLxkfUFT7ArLX1XGqs6wWAVYPMxektzOHC5uYzNr7TsriSW6P8c-77qkanqEelPxx81b1HWGocOjYt4sWl7M6gYw9cZtX-3wdrcHFGexRo_yiKCo3M0OQbbbRkhy0WElwmyshvP3afbI6zvy5znkfW58aPFZIBxSArOR9O7Dydnz1hLzibQanl0QlvMusf8O1IJdZ5POkkIkGk_9fHLHGNviTlzID7CpFxEtBXSRD8vUo0vbHOVK0lChSc5pKxTCCzyz_ZNarEGHt9P-Wb3khc-SoRqYjLya_hnrCDWVakRxOrKqPGEFMjiNb3uwVrWj8TK6d2MdKTy64m8JzkU9OmM5fc76Vd7U6ZygDYkPYNbI07XqnsATdPIT9C4baJ7TrgJX3JZz9nEiCZk8sXmzBo8wOgvfgysqVVRRwUWdxLoWex4hVcGgaFsQngoe-RM_32-IZT_ovY9Ak6HOCsqnz9-0rbg-GVw9YnCeCX83n0qyxII0cZ6eZ5CjzjRcwwkIytoH9axXaYUSVxO7DKO5yA9EaUf07M0-iXuvUO4MLWWQdDw_xchfQvPCS9wzHnL4ZjcpuS6K8kjKRHRJMVCMh_XBOCoHwJybqHikeBDGJ4RZNjz-DKfOcALNwpNrd4Wp8baNGtHEc6uaMfO4bRdEz436BZG6lg3Lgbw8--2UjxPoKJfoKs9IwQ0lbj51KuVbqWtsgj3gLKInUWdn6XM3DMp4Zwu42Y9XGckZT5lz93xjGcvEhI_75H3_ebNmr0X30rbgcm8uZP92tbvQXWoK4dZK6Bj65sUJap73yf855MGwtsk-6WwSdkm3UzD-3Kbb8EkJhqB28s-KrdPm8O37oR-j36NvOO0qdVh9qXjN2IfRTtOwguX6L75s1brD35L--AWTKoTlTtef9Bju9K-m2zd2sm_s6vDjx98hUPoB:1qOdl7:5MqoWGaKt6QvWqyDo1HgIsSs9FzcfPwGb1EqKiWfXZ8",
      "expire_date": "2023-07-26T13:36:53.076Z"
    }
  },
  {
    "model": "sessions.session",
    "pk": "dtjpknjh43nxgifcl2hx1z2rmbrzyofr",
    "fields": {
      "session_data": ".eJxVlMmuo0gQRX-l5XXxxDzUqsE2kxmejZm8sSBJTIKZZ0r1782rrm6plnki4saNTEX-OEQAwL5_DnUBq8P3gyLez_RTEBNw8UqgZyJRtDeFAG67MVGgoJFH90Z7gk1F79iLFt8Los2qMiv1X44ZswrDEHO1XIVGZ-XP65qRBOX69iRsAXntClOyC0bvZkee_L73s9TO2rIibcoYjcZB_LFt1Xdt-P2w-IdvB7g0qIP9E-3WKBbHvx1Q8r9VuOo4DERkI_3iEVdkHPUsVsDX2XE3jbCQ1mvl0DyOGqsVBJOUcucSb_me69udyGZXlrawusmhXyymKn96pEfdS5kEuOc9zksBPN20vAKl14-9VQMo80u6TtTbDLZ6MkhhfvjMLs9sgOTHyGdKUJ7HR3WrQCkQ4Li3rywiRHv7qsGBHxL23aU0NKMw8Aotb2Itf0sPxTK8ksidMpNMf1jcAiwh4S0w9zL_nDTJPWs8VdK1N76P49G7LmveQ8Y8mbSVf7maUeTLuJbXi5UXs7m9NvMO1q_rCPduNtJmrcI_CrrDannVAZNBdborWMhcJeeC3QjG1S5Ko5rK7D0EjcnTHnSBJkN0lpoAB4W1ku_6UoR1MW_7s11uJJ9bhk802NNnx6W8YuFRp7pjFt5Wv7pJbqm1OblRLsVnl9M9WA3YJZBBlHBqbd9Sz71LlFSmzpD2TslZVbhSPyFQBpFEAFactAFc-hVj8GYZgTFJn4lxirTCyqEU6VFil5Mxs0hghaqnsOiTljANtjM2bEaR0HBs_YJQBiuMaqYVVZf-DMoFtswnLw24g5OAQ3V9riRO6JWJHJ6KJs3XLXgYyEUnhT-fqWhzj09-uLGPPPBfsy9nuvRwJqrHZxH1lW5LvAdTUsGLvqqr0DzV43i0GD078rAlcMy4zOMFVqrMteDyUjuGOdIhm9ulwwSdecSMIYOlNJjdSBI5Mcm6Rb5fd_810CsAVXuybdEc2Em8alx8TDSNfBiTCJHRotodZ8X1tH0I8RkczdfLcnlK5cvkdVbvrOk3IoGUrFgKhQjBirGmJb8wQad1sXB8v32vIem8OqwxFXV__AJ3nr6T10wd3B0BiOBcZ2ApFiGZbmTTReOJXlT2hAWU987Ec--cMNn4lDE1TZ_bFFNxOnfEmeAzHZDLdD29tZTqInd99Aw77V_AfJuzZrmbLe9muaVwF4fBbUy7cIPaLXxKSbqtYXh4625Hm1X6F74tT0Pq633zfy35c1gbuG-6BKMOdjsFI0r28za0KSMw3E7GHnb795DWh-8_Dv0Y_xl9oWlXqaLySyWsxz6Kd5pGJXqv_2FxK9cd_pH0128Iywi9d7r-oh_RTv-uu6h6wQ9Ql4ef3w7PaByy578uvqwJhz9YHIF9jq9Aku9l9V5WDR3apfaUj9_R_sOsE_iWfuf-IZBFfbZX81wcMzHP0YxAsixDkxTPcjEHiZTkkjQi-SSNU4JNYoIFgkByOJvQOMlBACkashx3-PkPhlb4-w:1qOft4:HG9kUrstm1khg1MsCyVWK9XFrmiRd6iSp6smRoPMS8E",
      "expire_date": "2023-07-26T15:53:14.100Z"
    }
  },
  {
    "model": "sessions.session",
    "pk": "ejl0cykbw6e114kzw2ndrqpyegqsr14a",
    "fields": {
      "session_data": ".eJxVjDsOwjAQBe_iGlnxJ14vJT1nsNbeDQmgWIqTCnF3iJQC2jcz76USbeuYtiZLmlidlenU6XfMVB4y74TvNN-qLnVelynrXdEHbfpaWZ6Xw_07GKmN3xrRcYe-h8FbZ9gCo7gAgux6CBB9zmAEMBYrBQJSlKEYpiAsZCWo9wfotDgz:1qOzYS:5dvui5a5ofD7GD6LawYMTI-zVOiY8wuQHQPdktPx6rI",
      "expire_date": "2023-07-27T12:53:16.354Z"
    }
  },
  {
    "model": "sessions.session",
    "pk": "k8te3zsfk6gkdxs8z8g1rv4jrhdw1789",
    "fields": {
      "session_data": ".eJxVVEnTokgQ_SsTnluDHenTgAKyqcjOhSiKpdhBRJGO_u-D3T0d8Z0g38t8-Qoy68cGQJiOY_ToqrTdfN_IvC1SEccnUHMbqCIer4abjENnWGjgy8W0L-xeiUBKKUNmsu8gPIx-2dM1yIZ4AbdcZtpQr_iRMIdnwAE216c6Pir3_mZZsH5eQ6EV1QAcc14thfBaxQNfdy3Gjh4vav7ZIK6vEGQ0B16bb5t07ot7OkbFao1kMOzbpkj-Wk3fKpb6fHEpVM3FzUI_qCiW4Se2nEXBz4UyKs2jDw8Ko1Q4nTTS3cFryS7VxcbRy5GEJWhvUuBVs3GSri7hknYjERBz3VCcK-iqxtmtiszcra16SBof6S453V5w6Z46wb1Cj17l6QUS-wl4dAMbcQrbWwsbDoeHtX17xoNibd_gY3riF8NWZqV4FYHvVkrZx0pZC6F81t0GL60GCYb3mJ0KzgHuzmnpIk9M-sRGvXsSVKXG1uO41KrLGHZAG0eDONsOebFeBfAkTCm7-VxWL2MJ5osN6c_nCEhl9ay8lBbbxe-UPRmG6QT92FLKBQ6nQ3LqwqVOaNJodZKlriwt27hBnx1XQLpsC-3IdaPAba86GS5s39degEdeth1NrtwWQJ3iwzm4swztDBeHbRB343INh0omXvSgPZoZ2pecH8mx9Ybl1HJUNbmA6EeC9k36JAtMIHHP9Mm7hn-3RFcipkGawaEJ2ydxmd0SoD7IQXmJS7rvzMTQtCJ9RznGS2Bap7T05RMuLMhMjthBQ24sV_II6e2DsreSiRQf3h0Tq5XDsY65kwOl-CTsr3TeaD5CtyrSj5B3GD8rI7-alilAN4uoe0AmCzwJ5quFtrIQh6F-ay5ERqYQVi4wLZyx_Gby6bSYJ0gLjln4VwS8To1kjL8VHEYRPtKfyKkHjSPV2TyO3V2aM-OSgXFktvF1HaGkC7uDB_b4BF88lhsklWmF-LYaKeW2TcbM4kC1YROW7OsB2Xj9a9p41CjMx56-NZsoiAnJv8L8zfS6rnucpUUP7OYStt-P0z15--g-7GXGLZGS6156pB8czwcyJgkhvbU1R6TLtCk97Iyx7HsQ7VF3RC-x_JK-lESeUY7fqzrF8J4Ct4SI1wm0QnJkDvX2UaHpZpjYLAb4GQSK0iWHcPuo6ZP_fja0Phvm0AnK0XVgW4yLGudEiiFxP2SIskqUAFU0XhNN3F2eilq26fktz_vXTFRk4rVw_L7br5v_a8mjx7tP100XUnBP7ysKpyJZ46aeexIn8BWZxvS-Xg9Zt_n-YzNO8Vc2L56rSguaj4rRofUlWeEMNEX9_h9XxgYU9Qp_zfvnL57-eq7Cv4ldvit-Uf92d9Dm6Q52zebnt00EpgeKfhv6uCQ2X7AYwPVIHyIp17JuLWsf9yLefVJ2f9hxZ3RJWgt_cr8IIDCitRpyVIIDnCNAltH0OmwxxBkmozAyiyEBKIokY5xlGJoliTiDBB2vMQNIwBEYg-PZ5ud_Idv7-Q:1qOaV1:Rt5aZtyJ6WSYA-LgIgLDr3PmukmkjX9nDPAFnec1HqA",
      "expire_date": "2023-07-26T10:08:03.845Z"
    }
  },
  {
    "model": "sessions.session",
    "pk": "l4vgcg2s64jtqg9ifrfc2331evvw8jte",
    "fields": {
      "session_data": ".eJxVlMmuo0gQRX-l5XW9J5I5a9WAATPaxgyGDYIEmxnMbEr1782rrm6plnEi4saNlCJ_HCKE0mEIx7ZMm8P3g8zZIhlCLkGaWyM140D5smSAnNdGRXc5n9jc7pTQUcxCg9DL_WfUrUaGnCw5beiMUx6fqFR0wq76zXsFuoujcRsHzvBRJt5hIPHc1G7yEpfDW6gmnzXjUsO2Pn1USoMXZSVqmQMZYeHB4dshXbu8T4cw360RNIZ9O-TJ_1bTt4qldy4_56rmgmuuC2oWy-grvjmbAsxcGZR67AJBoZUSUEkt9Q6oJLtQNxtkiyPxm99Yku-Vq3GSLi7uEnYt4Qhz3UBcS-SqhumW-eP6uY_qEGF8SbfJyVrQ1s46DpfAo3Z5akM4O0UeVaNanILGalANARL28Y0J_Hwf33QY8nxwth1CyZfcv7ulUnSxUlR8IJu6W4PiVme84Y2rU6LVB-6aFm7miUmX2FnnnnhVqbB9HZfcdWnD9injeMWNo7iYwpJHnoQpRbuaRbmYRwc3bQ77eg5_n3bOlUVpsM9qLmrz1ZDvR8_iwfjqNs0Zk_v2ZKxsIQOZXBMjMzSO0wHEBgZ5brhdzRujzJoyT4XNWw4Pq0ztr1HlpRjGYXCSeiBLvpif7Hnkb42jdeQQxjLrE0MnC6T_3sQEKdEAIeJwqqBcKM3n-H45wgdtuTJ8SL5-VdkwMrw3ParefS460K2IfVtcy8_NFt4ris7Cc7e04b3rLB6_ATcczFjIcl-4nHiEwDP2GZodM5l8RRe3lMoPZvUTvW50S-HZ4HUcwjSwCuXpviCSTlDSTcJK8fbjI6aO0AbaTDdIZp_2eBwCdgaFlvTDrOAYdAD-Phs54TvUVUBQK5YIJ67JcPS66EoomVzRM6eUH0km6RCUwSl_vy4-wZMbHmABLAXEiSaOA2_wiTgFjeZS9CyPNZq64BmCkdxkB7cyyD6JiD4JvNUdh7vtFNIrpNgY3kJfUNel6FAuZOSpKoV-voji0A2hZTjGhwag6F9Jx0o5Ls80nAy2S6aLnIYydnLLi2xd1AD6r8vTevk50s62ZKXdXlNmrZoSIe3WE3XOrH6Iiz6YUH3BXtld38TLCozhOqhSbmohr3plQcqLfldazgJ81SbCI7gRYvZaxqn66KVI5iv_MWKiMZ5DppCIDg9Fq-FxM7muWL2ad71gCTOc5NGTeSVb-eJenGYPBHx_1t22ibSj4bdBeHquJl_qyn75v448HN9dul86n0Z92u8UTXmyx9v4elCQYnYyDWm_fw-P9vD9x2GY4j-zz3zeVZqo_lLx22mI4p0-ojqv3v9hbqvfO_yj6K_fMK2jvNrp-xf9jHb6d9tHzTP9RG19-PntEEbTmIX_uviyBg9_sDhC-x5fiaTY29q9rRn7fJfaSz5_Z4dPo03Siv9d-4dAFg3Z3s0ycUzFLENSEKdpisQJlmZiJgUPnEkeEc4mj_gB6CQGNIIQZzA6ITGcSVFKkCnNMIef_wDWMPiU:1qOzmG:EU3lTukLl7L74kluJIkkgZ1OesIrzwXp9xHjBZLqQN8",
      "expire_date": "2023-07-27T13:07:32.202Z"
    }
  },
  {
    "model": "sessions.session",
    "pk": "mtgicztbdivyh41v8x9n6ifls09puklo",
    "fields": {
      "session_data": ".eJxVVEnTokgQ_SsTnluDRUD6NIAgIIsooHAhiqLYNxHZOvq_D3b3TMx3zPcyX77MqKwfGwAher2CvilQvfm-OXG2uA9YLoJnt4JqyuHF83rCofNcKPA4Ze9DZrdKoB7s90T4A_BEIrkSGDezoNkPxciUVNqfZTgBKOVe3AtWiXkFsey9ylOvZnEVFyiat8jspZquCKaiLJGtVddMuGG6kJ3cnMaFQv0oi5tvGzS1WYdeQbZaI2kM-7bJov-solnF0IPLzEw9u7iVaYKahif4iW_OouBGpryUqm99QaGVAqeiSuocvJTsXF1sPB0diV-8-ip592LSZeniEi5pVxIBMdf1xamArqobbpHF1m5t1UJS_0g3kXwd4dIMGsGO_p1a5akFEoc3uFMVrMS3X19rWLE4FNb2tYF72dq-9l9-nYz6Yo1KNmbewy2UvA2VvOT9k6G5FZ7fqpTX7_3kFHDycHdCuZvexaiN7LR1ZV5VSmwdx92vurRue5R-VCbDFilj1QN3CVPyZjLyYtRzccUL4rMOj1RWz8qo1NguIYMH7_Uj0ZODZm9rQ_K3vQsLbcmC_HhUHLFDW5p7k6Y3S_QF8mweWrKW7g_jLCNfpXonl9NDQZFlSs74wMtLxQhqZzzjQHOUscTGF3WnA1JO3v7xAFtgdQtjIi64oaY1Gykmqjz1npWVXfEjHJU-ugmKbNuOIR7dOcyFBS5BgviDNgeGkAb7c-slGjISTx6kORysXqgIIdTnwcAfcs_JxZOjwqFtFXGaOll-eLzoexgbx6aeNxfLIo7dSaKGxyD0OZjAJeyfDtFEbsfuxadChzToD7RqkrgUbL2nLoeYuiVfentQ78R7Oz66rYpzdsBvb2UjJMX1DistJ_WZFIBDI15wZkm_PQJuvt6FozrGsdvZxeGmUHWv2NBMjdkmjlYUyxx2xSUew-IsOPls-dR0g9Fmx5mnIAzwGUNV-9IqfG-2p5oMMl6A5aEezhDTUB7bvg2a55OXiMsleUcdRx07rrs_eFYWTGHKHl3-4AxjjDk4h4l5pxnvqDzVbVDLNGeTQLUTfxiYezCHh5eGOM66vO2K5_1-oKqmi4CPgsFKiRfUlKB-M5bsJmq-T45pW7oaoz4cTSf7xSr4E3fzec5UtYr0t2c5CTVZxumoYtlbPc7S7cgWt_MTLFrD-7538Zk9R17YgwTW_Xvr48ByJjOXjhOx28W-uvJwy1ETEg57Pl2WAp9ReGee2TF01sv_deRBP7dovXQegQ51KwrfWbTGQxlPGLnHVuT9Qt36PcTN5vuPzesdfmWTbFhValB9VHSQVs07WuEYVFk5_4uL5V83MAPwYb6m_vV_ClUgK1eu-s3tUPn6Rf3ddKBO0A421ebnt00A3n0a_Lb18UpuvmAhgOtgHyLK17JmLav7Lgt3n5TdH_a105sIlfyf3C8CKXilazUTRgwdsSFgAE6EEEF6H7IY2kc0weL0gWIgoiHDRgwKsQO7xyOcJgGBoyimMAQRufn5D49MAWY:1qNxXk:LSh0sQBxqQKklUSvGOJa05qIToGg83gms_JDyszIFZA",
      "expire_date": "2023-07-24T16:32:16.066Z"
    }
  },
  {
    "model": "sessions.session",
    "pk": "skmuv1zrq6d8t4flu2kjbd28x8rar94a",
    "fields": {
      "session_data": ".eJxVVMmym0gQ_JUJnS0Fu8CnASEWSSBArLoQ0A1iB7GDw_8-yPY44h2IpjKrsrIbqn_sAgCirvP7Oo-q3fedyJpnwmdYCK52CS4Ji-ZvQ0SB9V7JwBXTgU7NRvbb4noTKJfo4rPApUplqqUNJeq6ui5HlBcqJXTjaOrqa-TPGMtp9FFKNVPUIGtA_nGE3ptcWta2-dlpCoQiyDuk51hEcla9P7LLXMqkuvu2i-YmbaPOTzdrOIUg33Yp_Gs1Wi5I5LLpPb1cbVRPb6dLEorgEz-sVUbVVO7ksm-eJ5mSc5SEpdBaaCGY2WU10WSyBG71KkPwnHxWJEGzMRs3SwEDiG0_z3MO7Iui2nka64etVQNw5SNdQ8mYwFqPN4yZng65yZMrwOghcMgSlOfhWRkVKBkUnLb2lYp66da-RLtIYlfFlGc5nVLPtXM5a0I5K7inqN7sEs0eZcIpTj9bOZg91J6jzE6cM2ygmTS2xF3kAtm2YxObLqWYHqnwOqLy7Hw_TWngCIic1bOa5ZPK69tzJj7H4eHy5lme5Ao5gMdKund4OY4v6T1lx9btKyzWhpMSip488ftRiUWmR_Y1o3LD3b95dkXRLITOeOoMslyIF1ncI4Z5181VD_DHyc-uhV6P9Ytyk709Jw-j00w6FtTJsGlHWZMnHjfLzcobLzydnBeFljKdTI1lLlS21hKuT9L7CLEER_Z-KD1OxbX3cAjKGBp79R5nEqvNuadLynTbM_VQsIsXWvxkTg4lRvsLD6PtD4KMtT68iVRgm5eD8HKEqkZE3mLmwBeT0Ayp9YVMp1gu99U9Q1HT5jBPrbshmSj2PuuifOw9cnGfuA4onM-EIyQ1FjvTXpSobyfRX_4787lUegKMKWjZ5I1QpSqLuxoTFmHvxCNEnaiWdo5JZ-b6SLoJ7aMrvNYjwDtek8Gq0aac8gIcacDcSUacqYo-w7eVaNnYNvzJamlxoqQ5jflC2Y9mP6fvVqVXcBFrTkAHXzxq2va5fd9dwCLTwdWHJy1EuIw33evTQdTFeM0slDFkdBnQz-acQDO9BWf3Vt8XpYpwwL5X-1kYYY4_k0nuhKcoVKkW6OtZB2ZfuMR7HXj2tI-na6XtieGGw22cZLvvzNhEGn8cXFTHpj2TqVlsqX2o2y5u1A2qYu7s6pF3rsaEJCFxvo5KAA1VM6BLy95MTB4ZFoM-sgY1efZVeD6dXnPPKs13_dHhWfNFo07MIqCYg3sXEl2-Tf6vIff7pYm2SeeioI3aDQVDCre4LOYGRzF0Q4YuarfrIa5333_suiH8yr7ScVOpgvKjotTJ9gI3OA7KtFj-x-WuDNJig7_m_fMXj36tm_Bv4vA6pL-of-s2qF7RAdTl7ue3nR8MfeL_NvRxie2-YGEAti19CJhtZfVWVvVtGh4-KYc_bHdQahgV3J_cLwJJ0CVbNWAIiAYogwVxTJIIgYUApaiYQPA4BFhAEDgeokeKIo84FsYAI8MtpgI8YDCEQtF49_M_mVX-Vw:1qOum3:PGJTo1MJ3LAETzojKbMhHsRhs4dd-n9QUHjxDEwJzXs",
      "expire_date": "2023-07-27T07:46:59.613Z"
    }
  },
  {
    "model": "sessions.session",
    "pk": "tzpt80m9oluqlvxc1fx4bfgbbcxbau42",
    "fields": {
      "session_data": ".eJxVVFvTojgQ_StbPo8W4SrztCCCgKAiF-HFgnALGEAugkzNf1-cmZ2q7ynpc7pPn6TS-bEKIUy67t7XZVKtvq8Uwd7Td16Ioe5iqOUCKJ-WAqDznJnwpqBhi-xGvYuelTAeUxm7K1s4xADkbVBeyMjPJ8XYnd7GFJjPoOWbhxbCRxdSdKPLryeib7JrUU-92x6MmsGTAF_5i5Rb36zfh7w99lohmFeiIIbosvq2SqYGtUl3R4s1iiWIbysU_7WavDUiuQnohDTdBRd03Gl5pMBPfHVmFZhI7VTcN8FOZdUSMDGWWwc8ZLvQZhvkoyOLs19Zsu-Vk3GQzy7pUjaWSUi4brCfSuhqhumWKL1sllYNpIyPdB0frBHO9etI8mPgMYs8M0NyO4QegyHeD0FlVRDzAO6W9pUJfLS0x6BLDsJs2OqkohH5N7dUiyZSi4cYKObRxaC44lw0vH5ySjj5wJ2Sws29fdzEdt64B1FTH8RyHJdedFnD9hlDMsDJFihjN6LQkwm1qCezKEdjdoApwfFzHT6lLp7VUa2IDTINJ5VCNrvqOhmp_HV3k8wrMzq5xJ9wNjDp_jZM3EBwp5wVp0l-uu5FJbXLdK7HNhxT_rSGUoZbBz-fhSP1pD_fuXgQX33ciy-Po6ug3MXk_c1K9Y7HUjOQsySWk57HWye5C5b3eG6BmZ8JvpJ5oG_P2KiPSUuZTqwx2e3kup68rvZ0cWgyOeoMVOeoOE48WQwM6uWIbWTs7rpsDtd2ZNd8ec66-e7f6zwoUu1g-P4lDvYOcoWjej3J8GqMnc7zVwsRKGq0_TOfdD8t7GvR2u1A8qUEKZYKt3ET9JoZ0VE18PhWnE_PK0m829vE0heLPHFMvX9HeqzftmKhZ9xoD56eBWnjPzIxXjtrxguFpuP6O_sU1jknv7QmO-9VkXorUnBk2PzkYpyYHtGtz94QxKCePOH1IDVPQ37D8Yrdw_vz1s_FYHttrPBW9criftxzQ8zt1pflaXYtdaC1ra2IDFsbIhHEB4yC5Gb6sSvu1ITgIquobDQqVny6bEcLPjO7rVNsjSd3DoxyHEZBYpjjS81JYGjnLtVM2KzVXpuxLADJtwmsEFGn-9HDIdbXynDVNWFk6eQRhGVxHs9yANtb0m7wQfN9dw_G-EUcZX-vGKogGfWDs9TUu7ih6ShBhdoO2R7f0PAgVTpnTO0lSt7RWlwfFOD4XniVtvxlVssTbKX5YjWEZILw_B6bOneWyf815Pf-3STLpItJ2CbtgsIBxUuMH1NDARIsyNAl7fI9pPXq-49VN0Rf2Qy9FpUqxB8Vo86XTbzAaYjR4_0_rnY4RI8F_pr3z188-bUuwr-JTbZBv6h_6zassmQDa7z6-W11D4c-v_829HFJrr5gUQiXI32IuFjK6qWs6lsUbT4pmz9stzHqOHmIf3K_CORhly_VkKdjEAKeDNOUYQiajCBg2ZQmqDSCZEjTFBUBjmUZjiKjFJJMtMRsSIU8SbAApKuf_wEU0v1l:1qOYg1:ztValtQY7LZDJFxQ_sTAF4nRCK8Vs5GNDYUc5wUHC_w",
      "expire_date": "2023-07-26T08:11:17.467Z"
    }
  },
  {
    "model": "sessions.session",
    "pk": "vdfzm75h5nuis589hr57bgrj865dcpcr",
    "fields": {
      "session_data": ".eJxVlMmuo0gQRX-l5XW9J5KZWjXYmBljzGDYoGROZmOwgVL9e_Oqq1uqZZ6IuHEjpMgfB5gk2fMZTX2ddYfvB4l3RDLi-DTRvDZRSx7UD1sCifvYKHiX0MwiZ1CisbuSxYptvMDScwVIdBEZzt6aC-UWroRgzHOm4OSZr_ok4q5p4Fh-TJsgfN4hmxpveTmGTzz1TaHszWH1cJ0uRLW8T6CTqrrlSdoTD98O2TKgMXtGaLdG0Bj27YDS_61mq4pldx5dkKp54Ir0o1rGUvL1vrmbAkykPJV2GsKjQis1oNL2PLqgOTuVujmgfLtnYQs6-xz49WLIZ8vDPcJpz3iCeV4oLnXiqYbp1Si_fu6thoQwvqT7VLbfyda_dJx7hz61y1NbgrMz9Kk2acU57OwuaTmQHPf2nQkCtLfvBizxA3BxXEJBbxTcvVqphlipGiGUTN1rQXVrS8Hwp8WtkyUA3pJVXumL6ZA65eDJgqo02D6OR-66tOEElHEySLMqVnPXg_4ZU6p-Mav6bWzFZlQK_rWOYO92Qcpb6bBPd41s4fniycGLG_1kFc841BlKflnh8sCFAbKGNp4KXbmGWzjCfDGC94UJfLN1NVZLsGm8WfmgX5syJrtBEZANIlywT4i73HqaMUyLtYnb7Ct3n-CxmBbfPNy3oMNA0dcLwK82IZ0noL0pY3xxXlMrJt-Hd3KKnOPNDwlhPI0hxt-dOZUiEMYF4ZEcCV32Q0v9VOgiWbbWVWPqS-bqSkLKXOvIVXDibn1JF1kXzLaspSymsfONyvUYCMT6pqWlM8yQ8jqpNlZ20KcSOl5-TQ3yeLSUKhPp9MHcT5GqfaSGg8-kg5GYNz-UxE6qo8BRodqeXgCgizWxycbd2p54vFqXhpJ-mgJh9LM4HSNXrU-cfXeawb0vcWm-HK9qXq5UaenSG-HS1-fwjKFBnimj5GC-lnQo3WW78OWtoE6QmtFwYlzrKsXIiPpJvPoibGXNAtKZn8MyF88xK6-NuBluMWsqeakT-gbDGZ4izNYN2CNsEXrba-3X7ckxSUyzZ4ouHtup1yslSAm5zI_3lVeLlnleb9M1YWIlz8p3Xm1Vy6ZIa4dT4MTCMRbdm1UETQBY9W5cTDIBASUuYwoBYFfkF1ZdCGQjEuGFnxVzSa2AFVPtIxS1maTZlr0oFbjNkFSCM_MOgvtFlAp-c2zbBQu14cdkaBjLs3g0xfxG1KrSpjz2Ul7vK44-rvq21Pvl_zryaFqHbL90IYNjNu40mVG6v7fpkVMcxexkfmbj_j3k_eH7j8Nzjv-MFui1q3Sw_VIJ-vkJ453msEXN-h_mt3bd4R9Jf_2GWQtRs9P1F_2EO_27H2FXZJ9J3x5-fjtEcJ7K6F8XX9a4wx8shsk-x1cgrfayfi_rphHtUnvK5-_o89Po06wRfuf-IVDCZ7lXs0wcUzHLkBSH0zRF4gRLMzGTgRxn0hzibJrHOaDTGNAJx-EMRqckhjNZkhFkRjPM4ec_5ar3Pg:1qOfuJ:qTbT0QNeo3etxfH4w0XtHP2HgHjYkqdM9Qv-0kalzC8",
      "expire_date": "2023-07-26T15:54:31.815Z"
    }
  },
  {
    "model": "website.carplate",
    "pk": "178c10ed-c460-477b-a63c-c3231bcada16",
    "fields": {
      "Number": 212,
      "Letter_one": "I",
      "Letter_two": "a",
      "Letter_three": "c"
    }
  },
  {
    "model": "website.carplate",
    "pk": "22238256-83e0-4ffa-a8e9-bedf63b1486a",
    "fields": {
      "Number": 100,
      "Letter_one": "s",
      "Letter_two": "s",
      "Letter_three": "c"
    }
  },
  {
    "model": "website.carplate",
    "pk": "6cfb0c79-e850-4348-a378-b52293b94848",
    "fields": {
      "Number": 1182,
      "Letter_one": "\u0642",
      "Letter_two": "\u0648",
      "Letter_three": "\u0647"
    }
  },
  {
    "model": "website.carplate",
    "pk": "b7897272-ae87-44ba-8fee-9a8798c7bed0",
    "fields": {
      "Number": 456,
      "Letter_one": "\u0627",
      "Letter_two": "\u0628",
      "Letter_three": "\u0642"
    }
  },
  {
    "model": "website.car",
    "pk": "1c8a35ab-bf90-479e-8500-8d7b7e331364",
    "fields": {
      "No_OF_Seats": 3,
      "Car_Pallet_Number": "6cfb0c79-e850-4348-a378-b52293b94848",
      "Car_Manufacture": "Hyundai",
      "Car_Color": "Maroon",
      "Owner": 3
    }
  },
  {
    "model": "website.car",
    "pk": "67a12231-f1e7-4339-b02e-3445021c541e",
    "fields": {
      "No_OF_Seats": 3,
      "Car_Pallet_Number": "22238256-83e0-4ffa-a8e9-bedf63b1486a",
      "Car_Manufacture": "Kia",
      "Car_Color": "red",
      "Owner": 2
    }
  },
  {
    "model": "website.car",
    "pk": "6e557aff-a220-4fde-893e-a887a0a8d28a",
    "fields": {
      "No_OF_Seats": 3,
      "Car_Pallet_Number": "178c10ed-c460-477b-a63c-c3231bcada16",
      "Car_Manufacture": "Kia",
      "Car_Color": "Black",
      "Owner": 2
    }
  },
  {
    "model": "website.car",
    "pk": "aa583b8d-3edf-43c9-b4be-a2dd8e4f3b75",
    "fields": {
      "No_OF_Seats": 3,
      "Car_Pallet_Number": "b7897272-ae87-44ba-8fee-9a8798c7bed0",
      "Car_Manufacture": "kia Rio",
      "Car_Color": "red",
      "Owner": 4
    }
  },
  {
    "model": "website.profile",
    "pk": 1,
    "fields": {
      "user": 2,
      "phone": "+201111343463",
      "gender": "Male",
      "city": "Cairo",
      "area": null
    }
  },
  {
    "model": "website.profile",
    "pk": 2,
    "fields": {
      "user": 3,
      "phone": "+201008494539",
      "gender": "Male",
      "city": "Cairo",
      "area": "Madinty"
    }
  },
  {
    "model": "website.profile",
    "pk": 3,
    "fields": {
      "user": 4,
      "phone": "+201113559739",
      "gender": "Female",
      "city": "Red Sea",
      "area": "Hurghada"
    }
  },
  {
    "model": "website.profile",
    "pk": 4,
    "fields": {
      "user": 5,
      "phone": "+201234546787",
      "gender": "Male",
      "city": "Cairo",
      "area": null
    }
  },
  {
    "model": "website.profile",
    "pk": 5,
    "fields": {
      "user": 6,
      "phone": "+201236563214",
      "gender": "Male",
      "city": "Giza",
      "area": null
    }
  },
  {
    "model": "website.profile",
    "pk": 6,
    "fields": {
      "user": 7,
      "phone": "+201293232121",
      "gender": "Male",
      "city": null,
      "area": null
    }
  },
  {
    "model": "website.profile",
    "pk": 7,
    "fields": {
      "user": 9,
      "phone": "+201273232313",
      "gender": "Male",
      "city": "Sohag",
      "area": null
    }
  },
  {
    "model": "website.profile",
    "pk": 8,
    "fields": {
      "user": 10,
      "phone": "+201000000000",
      "gender": "Male",
      "city": "Sohag",
      "area": null
    }
  },
  {
    "model": "website.ride",
    "pk": 1,
    "fields": {
      "city": "Cairo",
      "area": "Madinty",
      "type": "To Office",
      "date": "2023-07-25",
      "leave_time": "08:00:00",
      "return_time": null,
      "no_of_seats": 3,
      "car": "1c8a35ab-bf90-479e-8500-8d7b7e331364",
      "creator": 3,
      "restrictions": null,
      "meeting_point": "B6 Ragab's Sons",
      "Car_Pallet_Number": ""
    }
  },
  {
    "model": "website.ride",
    "pk": 2,
    "fields": {
      "city": "Red Sea",
      "area": "Hurghada",
      "type": "To Office",
      "date": "2023-07-26",
      "leave_time": "08:00:00",
      "return_time": null,
      "no_of_seats": 3,
      "car": "aa583b8d-3edf-43c9-b4be-a2dd8e4f3b75",
      "creator": 4,
      "restrictions": null,
      "meeting_point": null,
      "Car_Pallet_Number": ""
    }
  },
  {
    "model": "website.ride",
    "pk": 3,
    "fields": {
      "city": "Red Sea",
      "area": "Hurghada",
      "type": "To Office",
      "date": "2023-07-26",
      "leave_time": "08:00:00",
      "return_time": null,
      "no_of_seats": 3,
      "car": "aa583b8d-3edf-43c9-b4be-a2dd8e4f3b75",
      "creator": 4,
      "restrictions": null,
      "meeting_point": null,
      "Car_Pallet_Number": ""
    }
  },
  {
    "model": "website.ride",
    "pk": 4,
    "fields": {
      "city": "Red Sea",
      "area": "Hurghada",
      "type": "To Office",
      "date": "2023-07-26",
      "leave_time": "08:00:00",
      "return_time": null,
      "no_of_seats": 3,
      "car": "aa583b8d-3edf-43c9-b4be-a2dd8e4f3b75",
      "creator": 4,
      "restrictions": null,
      "meeting_point": null,
      "Car_Pallet_Number": ""
    }
  },
  {
    "model": "website.ride",
    "pk": 5,
    "fields": {
      "city": "Red Sea",
      "area": "Hurghada",
      "type": "To Office",
      "date": "2023-07-26",
      "leave_time": "07:00:00",
      "return_time": null,
      "no_of_seats": 3,
      "car": "aa583b8d-3edf-43c9-b4be-a2dd8e4f3b75",
      "creator": 4,
      "restrictions": null,
      "meeting_point": null,
      "Car_Pallet_Number": ""
    }
  },
  {
    "model": "website.ride",
    "pk": 6,
    "fields": {
      "city": "Red Sea",
      "area": "Hurghada",
      "type": "To Office",
      "date": "2023-07-26",
      "leave_time": "07:00:00",
      "return_time": null,
      "no_of_seats": 3,
      "car": "aa583b8d-3edf-43c9-b4be-a2dd8e4f3b75",
      "creator": 4,
      "restrictions": null,
      "meeting_point": null,
      "Car_Pallet_Number": ""
    }
  },
  {
    "model": "website.ride",
    "pk": 7,
    "fields": {
      "city": "Red Sea",
      "area": "Hurghada",
      "type": "To Office",
      "date": "2023-07-26",
      "leave_time": "07:00:00",
      "return_time": null,
      "no_of_seats": 3,
      "car": "aa583b8d-3edf-43c9-b4be-a2dd8e4f3b75",
      "creator": 4,
      "restrictions": null,
      "meeting_point": null,
      "Car_Pallet_Number": ""
    }
  },
  {
    "model": "website.ride",
    "pk": 8,
    "fields": {
      "city": "Red Sea",
      "area": "Hurghada",
      "type": "To Office",
      "date": "2023-07-26",
      "leave_time": "07:00:00",
      "return_time": null,
      "no_of_seats": 3,
      "car": "aa583b8d-3edf-43c9-b4be-a2dd8e4f3b75",
      "creator": 4,
      "restrictions": null,
      "meeting_point": null,
      "Car_Pallet_Number": ""
    }
  },
  {
    "model": "website.ride",
    "pk": 9,
    "fields": {
      "city": "Red Sea",
      "area": "Hurghada",
      "type": "To Office",
      "date": "2023-07-17",
      "leave_time": "08:00:00",
      "return_time": null,
      "no_of_seats": 3,
      "car": "aa583b8d-3edf-43c9-b4be-a2dd8e4f3b75",
      "creator": 4,
      "restrictions": null,
      "meeting_point": null,
      "Car_Pallet_Number": ""
    }
  },
  {
    "model": "website.ride",
    "pk": 10,
    "fields": {
      "city": "Cairo",
      "area": "El-Zaytoun",
      "type": "To Office",
      "date": "2023-07-27",
      "leave_time": "08:00:00",
      "return_time": null,
      "no_of_seats": 3,
      "car": "aa583b8d-3edf-43c9-b4be-a2dd8e4f3b75",
      "creator": 4,
      "restrictions": "nooo",
      "meeting_point": "f ay 7eta",
      "Car_Pallet_Number": ""
    }
  },
  {
    "model": "website.ride",
    "pk": 11,
    "fields": {
      "city": "Ismailia",
      "area": "El Tal El Kabier",
      "type": "2-Way Ride",
      "date": "2023-07-27",
      "leave_time": "08:00:00",
      "return_time": "18:00:00",
      "no_of_seats": 3,
      "car": "aa583b8d-3edf-43c9-b4be-a2dd8e4f3b75",
      "creator": 4,
      "restrictions": null,
      "meeting_point": null,
      "Car_Pallet_Number": ""
    }
  },
  {
    "model": "website.ride",
    "pk": 12,
    "fields": {
      "city": "Cairo",
      "area": "Al Basatin",
      "type": "To Office",
      "date": "2023-07-27",
      "leave_time": "08:00:00",
      "return_time": null,
      "no_of_seats": 3,
      "car": "1c8a35ab-bf90-479e-8500-8d7b7e331364",
      "creator": 6,
      "restrictions": "no",
      "meeting_point": "1",
      "Car_Pallet_Number": ""
    }
  },
  {
    "model": "website.ride",
    "pk": 13,
    "fields": {
      "city": "Cairo",
      "area": "15 May",
      "type": "From Office",
      "date": "2023-07-28",
      "leave_time": "08:00:00",
      "return_time": null,
      "no_of_seats": 54,
      "car": "6e557aff-a220-4fde-893e-a887a0a8d28a",
      "creator": 6,
      "restrictions": "no",
      "meeting_point": "5",
      "Car_Pallet_Number": ""
    }
  },
  {
    "model": "website.ride",
    "pk": 14,
    "fields": {
      "city": "Giza",
      "area": "Hawamdiyah",
      "type": "2-Way Ride",
      "date": "2023-07-18",
      "leave_time": "04:00:00",
      "return_time": "04:00:00",
      "no_of_seats": 3,
      "car": "aa583b8d-3edf-43c9-b4be-a2dd8e4f3b75",
      "creator": 6,
      "restrictions": null,
      "meeting_point": null,
      "Car_Pallet_Number": ""
    }
  },
  {
    "model": "website.ride",
    "pk": 15,
    "fields": {
      "city": null,
      "area": null,
      "type": "To Office",
      "date": "2023-07-26",
      "leave_time": "08:00:00",
      "return_time": null,
      "no_of_seats": 3,
      "car": "1c8a35ab-bf90-479e-8500-8d7b7e331364",
      "creator": 7,
      "restrictions": null,
      "meeting_point": null,
      "Car_Pallet_Number": ""
    }
  },
  {
    "model": "website.ride",
    "pk": 16,
    "fields": {
      "city": "Giza",
      "area": "Mohandessin",
      "type": "To Office",
      "date": "2023-07-27",
      "leave_time": "08:00:00",
      "return_time": null,
      "no_of_seats": 3,
      "car": "1c8a35ab-bf90-479e-8500-8d7b7e331364",
      "creator": 3,
      "restrictions": null,
      "meeting_point": "B6 Ragab's Sons",
      "Car_Pallet_Number": ""
    }
  },
  {
    "model": "website.ride",
    "pk": 17,
    "fields": {
      "city": "Sohag",
      "area": null,
      "type": "To Office",
      "date": "2023-07-27",
      "leave_time": "08:00:00",
      "return_time": null,
      "no_of_seats": 3,
      "car": "1c8a35ab-bf90-479e-8500-8d7b7e331364",
      "creator": 9,
      "restrictions": null,
      "meeting_point": null,
      "Car_Pallet_Number": ""
    }
  },
  {
    "model": "website.ridesbooked",
    "pk": 2,
    "fields": {
      "Requestor": 4,
      "RideRequested": 8
    }
  },
  {
    "model": "website.ridesbooked",
    "pk": 3,
    "fields": {
      "Requestor": 4,
      "RideRequested": 9
    }
  },
  {
    "model": "website.ridesbooked",
    "pk": 4,
    "fields": {
      "Requestor": 4,
      "RideRequested": 10
    }
  },
  {
    "model": "website.ridesbooked",
    "pk": 5,
    "fields": {
      "Requestor": 4,
      "RideRequested": 11
    }
  },
  {
    "model": "website.ridesbooked",
    "pk": 6,
    "fields": {
      "Requestor": 6,
      "RideRequested": 12
    }
  },
  {
    "model": "website.ridesbooked",
    "pk": 7,
    "fields": {
      "Requestor": 6,
      "RideRequested": 13
    }
  },
  {
    "model": "website.ridesbooked",
    "pk": 8,
    "fields": {
      "Requestor": 6,
      "RideRequested": 14
    }
  },
  {
    "model": "website.ridesbooked",
    "pk": 9,
    "fields": {
      "Requestor": 7,
      "RideRequested": 15
    }
  },
  {
    "model": "website.ridesbooked",
    "pk": 10,
    "fields": {
      "Requestor": 3,
      "RideRequested": 16
    }
  },
  {
    "model": "website.ridesbooked",
    "pk": 12,
    "fields": {
      "Requestor": 3,
      "RideRequested": 13
    }
  },
  {
    "model": "website.ridesbooked",
    "pk": 13,
    "fields": {
      "Requestor": 9,
      "RideRequested": 17
    }
  }
]
